Date,Open,High,Low,Close,Ema,Rsi
2019-06-20,31.00,31.50,28.00,28.51,0.00,0.00
2019-06-21,29.74,29.90,27.88,28.60,0.00,0.00
2019-06-24,28.61,30.39,27.75,29.99,0.00,0.00
2019-06-25,29.90,31.29,29.60,30.69,0.00,0.00
2019-06-26,31.49,35.63,31.04,32.98,0.00,0.00
2019-06-27,33.31,33.95,32.05,32.71,0.00,0.00
2019-06-28,32.74,34.20,32.27,32.88,0.00,0.00
2019-07-01,33.25,33.74,31.22,33.10,0.00,0.00
2019-07-02,32.79,33.73,32.61,33.00,0.00,0.00
2019-07-03,33.02,33.50,33.01,33.20,0.00,0.00
2019-07-05,33.26,33.49,32.81,33.03,0.00,0.00
2019-07-08,32.92,33.00,31.60,32.25,0.00,0.00
2019-07-09,32.16,32.69,32.16,32.68,0.00,0.00
2019-07-10,32.73,33.00,32.00,32.72,0.00,0.00
2019-07-11,33.00,33.25,32.32,33.13,0.00,79.21
2019-07-12,33.12,34.31,32.51,33.81,0.00,82.08
2019-07-15,33.85,35.56,33.50,35.38,0.00,86.65
2019-07-16,35.42,36.09,32.71,34.81,0.00,78.79
2019-07-17,34.78,36.60,34.49,35.45,0.00,80.89
2019-07-18,35.99,36.05,35.11,35.87,32.74,82.13
2019-07-19,36.11,38.45,35.72,37.65,33.20,86.23
2019-07-22,37.70,39.56,37.11,39.25,33.73,88.74
2019-07-23,39.25,39.44,36.09,36.85,34.07,68.59
2019-07-24,36.90,39.20,36.90,38.35,34.46,72.76
2019-07-25,38.47,39.00,37.99,38.16,34.71,71.46
2019-07-26,38.30,39.00,38.13,38.99,35.03,73.66
2019-07-29,39.10,39.24,38.41,39.07,35.34,73.87
2019-07-30,38.95,39.01,38.31,38.54,35.61,69.91
2019-07-31,38.68,39.10,38.30,38.94,35.91,71.17
2019-08-01,38.98,39.15,38.00,38.93,36.19,71.09
2019-08-02,38.80,39.10,37.15,38.75,36.48,69.58
2019-08-05,37.81,38.56,36.51,38.44,36.79,66.93
2019-08-06,38.40,38.50,36.74,37.20,37.01,57.51
2019-08-07,37.09,38.00,36.64,37.60,37.26,59.49
2019-08-08,37.82,38.25,37.36,37.82,37.49,60.58
2019-08-09,37.91,38.08,37.06,37.84,37.69,60.69
2019-08-12,37.97,38.00,37.17,37.54,37.80,58.22
2019-08-13,37.38,38.00,36.51,37.60,37.94,58.58
2019-08-14,41.10,42.31,38.52,39.50,38.14,68.04
2019-08-15,40.00,43.82,40.00,43.76,38.54,79.40
2019-08-16,44.58,47.30,44.58,46.64,38.99,83.63
2019-08-19,47.37,47.58,43.00,43.33,39.19,66.67
2019-08-20,43.38,43.68,41.93,42.96,39.50,65.08
2019-08-21,43.28,43.96,41.75,41.78,39.67,60.16
2019-08-22,41.67,43.81,41.65,43.56,39.94,64.52
2019-08-23,43.20,43.56,41.74,41.75,40.08,57.61
2019-08-26,42.28,43.29,42.09,42.80,40.26,60.27
2019-08-27,43.00,46.74,42.60,44.01,40.54,63.14
2019-08-28,44.11,45.80,42.53,42.57,40.72,57.79
2019-08-29,42.87,43.40,40.50,41.82,40.86,55.17
2019-08-30,41.83,42.15,40.04,40.45,40.95,50.65
2019-09-03,40.36,41.15,39.58,40.30,41.04,50.17
2019-09-04,40.34,40.70,39.31,40.06,41.18,49.36
2019-09-05,40.22,40.52,39.60,40.08,41.31,49.43
2019-09-06,40.10,40.76,39.47,39.74,41.40,48.15
2019-09-09,39.85,39.95,36.56,37.03,41.36,39.39
2019-09-10,36.71,36.93,34.21,35.21,41.25,34.81
2019-09-11,35.21,36.94,34.94,36.65,41.20,40.69
2019-09-12,36.82,37.69,36.19,36.85,41.07,41.48
2019-09-13,36.89,37.77,36.60,36.96,40.73,41.93
2019-09-16,36.90,38.61,36.87,37.15,40.25,42.77
2019-09-17,37.17,38.21,36.50,36.73,39.92,41.35
2019-09-18,37.00,37.58,36.32,36.87,39.62,42.04
2019-09-19,36.06,37.56,36.05,37.42,39.40,44.78
2019-09-20,37.67,38.70,37.53,38.08,39.13,47.95
2019-09-23,38.09,39.33,37.75,38.92,38.98,51.75
2019-09-24,39.00,39.51,37.34,37.79,38.73,46.80
2019-09-25,37.77,39.25,35.11,35.91,38.33,39.95
2019-09-26,35.96,36.32,34.53,35.71,37.99,39.29
2019-09-27,35.76,36.24,33.83,34.36,37.61,35.09
2019-09-30,34.21,34.99,33.96,34.68,37.33,36.81
2019-10-01,34.52,34.64,32.92,33.69,36.99,33.82
2019-10-02,30.55,33.18,30.50,33.01,36.64,31.90
2019-10-03,34.00,35.30,31.62,33.91,36.33,37.00
2019-10-04,34.51,34.75,33.06,34.00,36.05,37.50
2019-10-07,34.27,34.35,32.89,33.55,35.87,35.95
2019-10-08,33.28,33.65,32.16,32.80,35.75,33.47
2019-10-09,33.02,33.67,32.72,32.85,35.56,33.80
2019-10-10,32.97,33.41,31.91,32.30,35.33,31.93
2019-10-11,32.01,32.88,31.75,32.79,35.13,35.36
2019-10-14,32.80,33.83,32.56,33.56,34.95,40.43
2019-10-15,33.45,33.88,33.17,33.67,34.79,41.14
2019-10-16,33.40,34.07,33.35,33.51,34.63,40.38
2019-10-17,33.50,33.88,33.27,33.48,34.43,40.23
2019-10-18,33.45,33.67,33.00,33.07,34.18,38.16
2019-10-21,33.07,33.45,32.50,32.75,33.87,36.58
2019-10-22,32.88,32.88,30.76,31.76,33.57,32.14
2019-10-23,32.00,32.00,30.59,30.94,33.32,29.00
2019-10-24,30.91,31.58,30.38,31.15,33.09,30.86
2019-10-25,31.27,32.43,30.89,31.51,32.95,34.06
2019-10-28,31.57,32.00,30.77,30.90,32.76,31.41
2019-10-29,30.82,31.55,30.76,31.38,32.64,35.65
2019-10-30,31.45,32.06,31.24,31.98,32.59,40.59
2019-10-31,31.98,32.50,31.47,31.90,32.49,40.15
2019-11-01,31.81,32.97,31.43,32.22,32.40,42.84
2019-11-04,32.35,32.53,31.56,31.77,32.31,40.11
2019-11-05,31.67,32.49,31.46,31.78,32.26,40.20
2019-11-06,31.76,32.03,30.77,31.18,32.18,36.60
2019-11-07,31.23,31.33,30.61,30.87,32.11,34.87
2019-11-08,30.65,31.66,30.00,31.11,32.02,37.34
2019-11-11,31.28,32.00,30.32,31.00,31.90,36.66
2019-11-12,33.01,34.39,31.89,32.60,31.84,50.85
2019-11-13,32.49,33.50,31.36,31.58,31.75,44.07
2019-11-14,31.66,31.99,30.62,31.84,31.66,46.04
2019-11-15,31.86,32.21,30.63,31.56,31.59,44.23
2019-11-18,31.63,31.81,30.25,30.60,31.48,38.62
2019-11-19,30.39,30.92,30.02,30.66,31.43,39.14
2019-11-20,30.50,31.07,30.04,31.00,31.43,42.13
2019-11-21,30.91,31.20,30.41,30.85,31.41,41.17
2019-11-22,30.93,31.85,30.69,31.68,31.42,48.21
2019-11-25,31.65,31.81,30.94,31.77,31.47,48.92
2019-11-26,31.83,32.82,31.71,32.72,31.53,55.84
2019-11-27,32.72,33.27,32.40,32.78,31.57,56.24
2019-11-29,32.81,33.73,32.64,33.13,31.64,58.61
2019-12-02,33.04,33.04,32.16,32.75,31.66,55.12
2019-12-03,32.48,33.39,32.25,33.29,31.74,58.87
2019-12-04,33.52,33.81,32.33,32.50,31.77,52.02
2019-12-05,32.55,32.78,31.30,31.48,31.79,44.77
2019-12-06,31.41,32.68,31.41,32.45,31.87,51.67
2019-12-09,32.84,32.99,32.19,32.29,31.93,50.55
2019-12-10,32.29,32.42,30.83,31.78,31.97,47.04
2019-12-11,31.75,32.16,31.34,31.94,31.93,48.26
2019-12-12,31.97,32.09,30.47,30.47,31.88,39.35
2019-12-13,30.48,31.25,30.04,30.92,31.83,42.83
2019-12-16,30.87,31.64,30.66,31.31,31.82,45.73
2019-12-17,31.47,31.78,31.14,31.21,31.85,45.10
2019-12-18,31.28,31.63,31.04,31.37,31.88,46.38
2019-12-19,31.35,32.09,31.00,31.65,31.92,48.63
2019-12-20,31.67,32.99,31.67,32.99,32.02,57.78
2019-12-23,32.99,33.15,32.33,32.85,32.08,56.65
2019-12-24,32.77,32.77,32.30,32.41,32.11,53.11
2019-12-26,32.43,33.25,32.25,33.21,32.14,58.22
2019-12-27,33.25,33.54,32.51,33.47,32.17,59.75
2019-12-30,33.43,33.50,33.08,33.29,32.18,58.16
2019-12-31,33.24,33.40,32.37,32.45,32.17,51.30
2020-01-02,32.55,32.70,31.41,31.99,32.10,47.96
2020-01-03,31.77,32.32,31.52,32.06,32.08,48.51
2020-01-06,31.90,32.02,31.07,31.17,32.06,42.38
2020-01-07,31.06,31.57,30.40,31.43,32.01,44.58
2020-01-08,31.38,31.84,31.38,31.74,31.99,47.18
2020-01-09,31.90,32.66,31.73,32.58,32.03,53.52
2020-01-10,32.64,32.90,32.36,32.80,32.07,55.04
2020-01-13,32.80,33.50,32.70,33.50,32.22,59.58
2020-01-14,33.44,33.69,33.19,33.65,32.36,60.50
2020-01-15,33.70,34.05,33.50,33.73,32.48,61.00
2020-01-16,33.99,34.38,33.67,34.29,32.63,64.46
2020-01-17,34.35,34.52,33.95,34.44,32.79,65.35
2020-01-21,34.44,35.03,34.36,35.02,32.95,68.61
2020-01-22,35.02,35.84,35.02,35.60,33.08,71.49
2020-01-23,35.63,36.19,35.01,36.05,33.24,73.53
2020-01-24,36.22,36.36,35.16,35.43,33.40,66.49
2020-01-27,35.01,35.65,34.92,35.25,33.50,64.56
2020-01-28,34.00,34.95,32.81,33.50,33.50,49.49
2020-01-29,34.04,34.56,33.39,33.74,33.52,51.18
2020-01-30,32.90,33.00,32.34,32.61,33.53,43.78
2020-01-31,32.54,32.87,32.37,32.74,33.57,44.77
2020-02-03,32.75,33.31,32.57,32.72,33.60,44.64
2020-02-04,32.72,32.99,31.95,32.15,33.65,40.99
2020-02-05,31.76,32.72,31.46,31.56,33.66,37.56
2020-02-06,31.50,31.75,30.74,31.23,33.63,35.76
2020-02-07,30.88,31.33,30.50,30.96,33.55,34.31
2020-02-10,30.95,31.11,30.25,30.75,33.45,33.18
2020-02-11,31.00,31.05,30.35,30.75,33.31,33.18
2020-02-12,30.77,31.69,30.45,31.54,33.20,41.56
2020-02-13,31.49,32.38,31.11,32.20,33.13,47.48
2020-02-14,32.30,32.95,31.98,32.91,33.06,53.00
2020-02-18,32.87,33.00,31.86,32.11,32.94,47.00
2020-02-19,32.09,32.33,31.81,32.02,32.79,46.37
2020-02-20,31.98,32.45,31.77,32.36,32.63,49.16
2020-02-21,32.37,32.43,31.52,31.65,32.41,44.01
2020-02-24,31.21,31.58,30.62,31.32,32.20,41.81
2020-02-25,31.43,31.92,31.30,31.70,32.03,45.20
2020-02-26,31.75,32.20,30.88,31.28,31.92,42.27
2020-02-27,30.84,30.99,29.82,30.00,31.73,34.85
2020-02-28,29.79,31.71,29.21,31.65,31.68,47.61
2020-03-02,31.59,31.98,31.03,31.53,31.62,46.89
2020-03-03,31.36,32.57,30.81,31.16,31.54,44.65
2020-03-04,31.45,32.73,31.18,32.71,31.57,54.47
2020-03-05,32.14,33.04,32.01,32.96,31.64,55.83
2020-03-06,32.38,33.64,31.38,33.38,31.75,58.09
2020-03-09,32.36,32.89,30.77,32.76,31.84,53.71
2020-03-10,32.74,33.72,32.00,33.44,31.97,57.50
2020-03-11,33.16,33.50,32.19,32.52,32.06,51.38
2020-03-12,29.85,30.84,28.25,29.06,31.94,35.90
2020-03-13,30.17,30.78,29.04,30.26,31.84,42.38
2020-03-16,29.29,30.44,28.11,29.49,31.67,39.61
2020-03-17,29.76,34.11,29.66,33.71,31.75,56.42
2020-03-18,32.90,36.56,31.85,33.38,31.82,55.13
2020-03-19,33.51,33.84,29.76,30.50,31.72,45.36
2020-03-20,30.23,31.56,29.49,30.82,31.68,46.50
2020-03-23,31.08,31.72,29.79,31.47,31.69,48.82
2020-03-24,32.77,34.40,32.01,33.20,31.76,54.49
2020-03-25,32.25,34.81,32.00,33.45,31.87,55.26
2020-03-26,33.30,35.55,31.83,35.43,32.14,60.90
2020-03-27,35.43,36.71,33.55,33.81,32.25,54.81
2020-03-30,34.59,35.21,33.29,33.80,32.37,54.77
2020-03-31,33.63,35.01,33.63,34.34,32.52,56.46
2020-04-01,34.02,34.90,33.34,34.42,32.61,56.71
2020-04-02,34.19,34.65,33.58,34.53,32.69,57.09
2020-04-03,34.58,35.34,33.89,34.41,32.74,56.51
2020-04-06,35.26,37.55,34.51,37.24,32.96,65.37
2020-04-07,37.20,38.50,36.06,36.74,33.13,62.93
2020-04-08,36.81,37.46,35.65,35.77,33.29,58.38
2020-04-09,35.80,36.23,33.82,33.86,33.53,50.62
2020-04-13,33.80,34.67,33.10,33.99,33.72,51.09
2020-04-14,34.56,34.67,32.93,33.82,33.93,50.41
2020-04-15,34.07,34.12,32.78,33.65,33.93,49.69
2020-04-16,34.00,35.39,33.79,34.79,34.00,54.38
2020-04-17,35.00,35.89,34.78,35.61,34.26,57.45
2020-04-20,35.70,36.00,34.80,34.94,34.46,54.24
2020-04-21,34.10,35.45,33.53,35.11,34.65,54.93
2020-04-22,35.32,37.16,34.81,35.15,34.74,55.10
2020-04-23,33.79,34.25,33.22,33.88,34.76,48.76
2020-04-24,33.99,35.50,33.90,34.88,34.74,53.32
2020-04-27,35.25,35.77,34.76,35.47,34.82,55.81
2020-04-28,35.25,36.61,34.75,34.84,34.87,52.58
2020-04-29,35.12,35.12,33.65,34.58,34.88,51.26
2020-04-30,34.41,34.77,32.91,33.27,34.83,45.12
2020-05-01,32.77,33.70,32.26,33.18,34.76,44.72
2020-05-04,33.08,33.22,32.23,33.06,34.69,44.16
2020-05-05,33.16,34.77,33.16,34.45,34.55,51.68
2020-05-06,34.83,36.62,34.57,36.14,34.52,58.91
2020-05-07,36.38,36.96,35.35,36.38,34.55,59.83
2020-05-08,36.53,37.31,36.00,36.71,34.70,61.12
2020-05-11,37.47,37.66,36.12,36.67,34.83,60.87
2020-05-12,38.00,39.70,37.15,37.49,35.01,64.17
2020-05-13,36.93,37.81,36.12,36.88,35.17,60.11
2020-05-14,36.71,37.69,36.20,37.61,35.32,63.12
2020-05-15,37.59,38.43,36.91,37.53,35.41,62.56
2020-05-18,37.96,38.89,37.08,38.38,35.58,65.99
2020-05-19,38.69,38.97,38.32,38.37,35.75,65.91
2020-05-20,38.80,38.80,37.67,37.80,35.88,61.53
2020-05-21,37.59,37.99,36.95,37.63,36.07,60.25
2020-05-22,37.51,37.96,37.30,37.84,36.21,61.32
2020-05-26,38.02,38.19,36.89,37.05,36.29,55.26
2020-05-27,37.10,37.35,35.52,37.29,36.42,56.66
2020-05-28,35.48,36.58,33.68,36.17,36.50,48.96
2020-05-29,36.08,37.01,35.62,36.81,36.67,52.90
2020-06-01,36.86,37.04,35.97,36.03,36.81,48.03
2020-06-02,35.92,36.35,35.71,36.31,36.98,49.82
2020-06-03,36.28,36.77,35.90,36.41,37.08,50.47
2020-06-04,36.08,36.67,35.42,35.58,37.05,45.20
2020-06-05,35.75,36.13,34.08,34.63,36.96,40.05
2020-06-08,34.59,34.77,32.93,33.04,36.78,33.22
2020-06-09,33.25,33.39,31.81,32.72,36.58,32.04
2020-06-10,32.95,34.19,32.88,33.97,36.40,40.90
2020-06-11,33.49,34.34,32.83,33.16,36.22,37.49
2020-06-12,33.52,33.93,32.33,32.63,35.97,35.41
2020-06-15,32.58,33.16,32.07,33.15,35.75,38.98
2020-06-16,33.92,34.71,33.53,34.70,35.56,48.20
2020-06-17,34.67,35.66,34.14,35.50,35.42,52.21
2020-06-18,35.34,35.34,34.47,34.81,35.27,48.70
2020-06-19,34.81,35.82,34.57,35.02,35.14,49.81
2020-06-22,35.14,35.49,34.32,35.44,35.02,52.03
2020-06-23,37.80,39.33,37.40,38.93,35.12,65.64
2020-06-24,38.70,39.32,37.33,37.95,35.15,60.46
2020-06-25,37.82,38.90,37.70,38.76,35.28,63.05
2020-06-26,38.87,40.16,38.61,39.40,35.41,65.01
2020-06-29,39.39,41.52,39.33,41.50,35.68,70.53
2020-06-30,41.60,41.80,40.54,40.80,35.91,66.75
2020-07-01,40.31,42.12,40.20,41.39,36.15,68.29
2020-07-02,41.70,42.58,41.42,41.99,36.47,69.82
2020-07-06,42.50,44.69,42.34,44.08,36.95,74.45
2020-07-07,44.00,44.13,43.14,43.29,37.46,70.08
2020-07-08,43.57,43.78,42.76,42.79,37.96,67.38
2020-07-09,42.93,43.40,42.37,42.94,38.41,67.78
2020-07-10,43.27,43.29,41.54,41.61,38.83,60.66
2020-07-13,41.87,41.90,39.47,39.56,39.18,51.65
2020-07-14,40.00,40.42,39.12,39.70,39.51,52.17
2020-07-15,39.76,39.84,38.89,39.06,39.73,49.54
2020-07-16,39.05,39.47,38.65,39.33,39.92,50.67
2020-07-17,39.34,39.52,38.83,39.33,40.14,50.67
2020-07-20,39.25,39.57,38.92,39.42,40.36,51.09
2020-07-21,40.14,40.55,39.58,40.20,40.60,54.73
2020-07-22,39.68,42.05,39.68,41.58,40.73,60.34
2020-07-23,41.69,44.04,41.62,42.72,40.97,64.28
2020-07-24,42.59,42.59,41.31,41.78,41.12,59.07
2020-07-27,42.05,43.14,41.83,43.10,41.31,63.54
2020-07-28,43.07,44.12,42.83,43.30,41.40,64.18
2020-07-29,43.09,43.44,42.49,43.29,41.52,64.12
2020-07-30,42.89,44.40,42.08,44.01,41.65,66.56
2020-07-31,44.50,45.67,43.59,43.99,41.75,66.42
2020-08-03,44.28,44.95,42.47,43.63,41.73,63.91
2020-08-04,43.89,44.58,43.53,44.54,41.79,67.28
2020-08-05,44.74,45.17,44.36,44.85,41.90,68.37
2020-08-06,45.00,45.18,44.24,44.55,41.98,66.08
2020-08-07,44.21,45.40,44.21,45.02,42.15,67.89
2020-08-10,45.74,46.00,43.41,44.33,42.39,62.61
2020-08-11,43.95,44.60,42.08,42.66,42.53,52.05
2020-08-12,42.59,43.68,42.18,42.86,42.72,53.07
2020-08-13,42.00,43.08,41.30,42.88,42.90,53.18
2020-08-14,43.17,43.60,42.63,42.88,43.08,53.18
2020-08-17,43.16,43.16,41.91,42.46,43.23,50.38
2020-08-18,42.59,42.78,41.86,41.91,43.32,46.89
2020-08-19,41.78,42.21,41.07,42.09,43.34,48.15
2020-08-20,41.94,42.27,41.64,41.85,43.30,46.56
2020-08-21,41.82,42.01,41.31,41.51,43.29,44.32
2020-08-24,41.80,41.89,41.11,41.62,43.21,45.24
2020-08-25,41.55,41.67,40.91,41.31,43.11,43.05
2020-08-26,41.06,41.26,40.12,40.74,42.98,39.38
2020-08-27,40.60,41.97,40.40,41.78,42.87,48.15
2020-08-28,42.00,42.01,41.05,41.13,42.73,43.88
2020-08-31,40.89,41.28,40.73,41.13,42.60,43.88
2020-09-01,41.29,42.25,41.24,42.23,42.49,52.20
2020-09-02,42.25,43.17,41.50,42.02,42.35,50.66
2020-09-03,41.79,41.98,39.55,39.77,42.11,37.76
2020-09-04,39.48,39.93,36.93,38.86,41.80,33.99
2020-09-08,38.27,40.72,37.98,40.04,41.59,42.07
2020-09-09,40.13,40.99,39.28,39.38,41.42,39.18
2020-09-10,39.26,39.47,37.92,38.22,41.19,34.68
2020-09-11,38.30,39.13,38.05,38.66,40.98,37.61
2020-09-14,38.59,39.13,38.43,39.01,40.79,39.92
2020-09-15,39.25,40.14,39.24,40.08,40.67,46.44
2020-09-16,40.24,40.65,39.40,39.56,40.55,43.94
2020-09-17,39.23,40.27,39.11,39.98,40.44,46.45
2020-09-18,40.00,40.20,37.85,38.14,40.26,38.36
2020-09-21,37.59,38.21,37.34,37.85,40.08,37.24
2020-09-22,38.12,39.51,37.48,39.43,39.97,46.31
2020-09-23,39.19,39.55,37.79,37.82,39.79,39.99
2020-09-24,37.60,38.56,37.32,38.14,39.66,41.69
2020-09-25,38.01,38.75,37.90,38.49,39.50,43.58
2020-09-28,39.18,39.30,37.54,38.03,39.34,41.67
2020-09-29,37.95,39.46,37.94,39.24,39.25,48.11
2020-09-30,39.22,40.13,38.86,39.32,39.10,48.51
2020-10-01,39.25,40.40,39.13,40.29,39.02,53.27
2020-10-02,39.80,40.39,38.82,39.71,39.01,50.28
2020-10-05,39.83,41.30,39.56,41.26,39.13,57.19
2020-10-06,41.27,41.65,40.71,41.57,39.21,58.44
2020-10-07,41.87,41.90,41.25,41.77,39.33,59.26
2020-10-08,41.77,42.25,41.72,42.18,39.53,60.97
2020-10-09,42.33,43.64,41.34,43.29,39.76,65.22
2020-10-12,42.17,43.59,41.85,42.27,39.92,58.88
2020-10-13,42.42,42.99,42.37,42.55,40.04,60.03
2020-10-14,42.59,42.69,41.14,41.52,40.14,54.04
2020-10-15,41.73,41.92,40.73,41.37,40.21,53.21
2020-10-16,41.66,42.29,41.30,41.41,40.38,53.42
2020-10-19,41.37,41.63,40.31,40.53,40.51,48.37
2020-10-20,41.64,41.64,40.44,40.93,40.58,50.65
2020-10-21,40.94,42.32,40.63,41.74,40.78,54.99
2020-10-22,41.19,41.99,41.19,41.81,40.96,55.35
2020-10-23,41.80,42.48,41.54,42.32,41.16,58.03
2020-10-26,42.13,43.37,42.13,42.78,41.39,60.33
2020-10-27,43.05,44.58,42.91,44.17,41.64,66.35
2020-10-28,42.81,44.73,42.60,44.22,41.88,66.54
2020-10-29,44.04,44.72,43.58,44.59,42.10,68.03
2020-10-30,44.46,45.03,43.40,44.02,42.31,63.36
2020-11-02,44.49,44.49,42.24,43.48,42.43,59.21
2020-11-03,43.51,44.93,43.51,44.49,42.57,63.96
2020-11-04,44.48,47.49,44.29,46.55,42.81,71.31
2020-11-05,48.16,48.87,45.19,45.46,42.98,63.89
2020-11-06,45.36,45.86,44.02,44.32,43.03,57.18
2020-11-09,45.08,45.78,40.01,41.21,42.97,43.71
2020-11-10,41.43,42.74,40.29,42.44,42.97,48.84
2020-11-11,38.91,41.18,37.40,40.24,42.90,41.55
2020-11-12,40.12,40.57,38.90,39.26,42.80,38.77
2020-11-13,39.71,39.71,38.33,38.41,42.65,36.49
2020-11-16,38.49,38.49,36.99,37.29,42.49,33.69
2020-11-17,37.40,38.17,36.96,37.10,42.30,33.21
2020-11-18,37.18,37.93,36.58,36.75,42.05,32.32
2020-11-19,36.96,37.81,36.34,37.52,41.83,36.36
2020-11-20,37.63,38.74,37.57,38.48,41.64,41.08
2020-11-23,38.53,38.97,38.08,38.46,41.42,41.01
2020-11-24,38.44,38.44,36.69,37.25,41.08,37.00
2020-11-25,37.28,37.53,36.75,37.26,40.73,37.06
2020-11-27,37.39,37.92,37.26,37.84,40.39,40.30
2020-11-30,38.00,38.85,37.70,38.62,40.12,44.44
2020-12-01,38.56,38.56,37.24,37.80,39.84,41.20
2020-12-02,37.64,37.86,37.32,37.62,39.49,40.51
2020-12-03,37.66,37.85,37.00,37.27,39.03,39.12
2020-12-04,37.18,37.75,36.75,37.50,38.63,40.56
2020-12-07,37.41,38.00,37.25,37.78,38.31,42.35
2020-12-08,37.70,38.68,37.44,38.27,38.16,45.44
2020-12-09,38.35,38.88,37.58,37.73,37.92,42.72
2020-12-10,37.64,37.90,37.01,37.67,37.79,42.42
2020-12-11,37.53,38.19,37.53,38.00,37.73,44.74
2020-12-14,38.23,38.61,37.89,38.11,37.72,45.53
2020-12-15,38.16,39.34,37.75,39.28,37.82,53.20
2020-12-16,39.41,39.90,38.66,38.68,37.89,49.36
2020-12-17,38.83,39.54,38.25,39.41,38.03,53.73
2020-12-18,39.59,40.25,39.24,39.73,38.14,55.55
2020-12-21,39.31,39.69,38.72,39.08,38.17,51.16
2020-12-22,38.65,39.51,38.63,39.42,38.22,53.24
2020-12-23,39.42,40.66,39.29,40.55,38.38,59.42
2020-12-24,40.40,40.50,39.65,40.40,38.54,58.32
2020-12-28,40.28,40.68,39.87,40.37,38.66,58.09
2020-12-29,40.45,40.90,40.03,40.43,38.75,58.44
2020-12-30,40.37,41.04,40.15,40.57,38.89,59.31
2020-12-31,40.59,40.61,39.08,39.25,38.97,48.93
2021-01-04,39.14,40.47,39.14,40.35,39.13,55.86
2021-01-05,40.28,40.85,40.08,40.61,39.28,57.34
2021-01-06,40.00,41.46,38.06,40.23,39.41,54.47
2021-01-07,40.23,40.39,39.34,40.01,39.49,52.83
2021-01-08,39.83,40.00,38.35,38.69,39.54,44.20
2021-01-11,38.32,38.56,37.91,38.19,39.57,41.44
2021-01-12,38.25,38.90,37.78,37.96,39.57,40.20
2021-01-13,38.00,38.00,37.08,37.47,39.53,37.61
2021-01-14,37.68,38.02,36.96,37.85,39.46,40.79
2021-01-15,37.90,38.33,37.75,38.24,39.44,43.95
2021-01-19,38.49,38.53,37.59,37.84,39.36,41.51
2021-01-20,38.00,38.15,37.35,37.97,39.27,42.58
2021-01-21,38.24,39.10,38.18,39.00,39.27,50.68
2021-01-22,39.10,40.01,39.00,39.95,39.30,56.71
2021-01-25,40.13,41.98,39.00,40.75,39.31,61.03
2021-01-26,40.58,42.64,40.58,42.59,39.42,68.76
2021-01-27,41.60,46.31,41.60,46.12,39.70,77.84
2021-01-28,45.84,46.58,42.76,43.22,39.84,61.92
2021-01-29,42.98,43.64,42.22,42.69,39.95,59.52
2021-02-01,43.01,43.20,41.16,42.42,40.11,58.28
2021-02-02,42.49,42.51,40.26,40.30,40.10,49.57
2021-02-03,40.46,40.91,39.70,40.82,40.12,51.49
2021-02-04,40.82,41.07,40.00,40.37,40.12,49.73
2021-02-05,40.54,40.95,39.97,40.62,40.15,50.73
2021-02-08,40.83,41.16,40.20,40.88,40.26,51.82
2021-02-09,41.21,42.04,40.77,41.55,40.43,54.58
2021-02-10,41.70,42.83,41.29,42.80,40.67,59.28
2021-02-11,42.99,43.18,42.33,42.64,40.93,58.45
2021-02-12,42.49,43.43,41.98,43.28,41.20,60.82
2021-02-16,43.35,43.61,42.06,42.11,41.40,54.67
2021-02-17,42.23,42.45,41.17,42.17,41.61,54.93
2021-02-18,41.91,42.54,41.44,41.75,41.80,52.72
2021-02-19,41.85,42.25,41.33,41.48,41.93,51.29
2021-02-22,41.54,41.69,40.29,41.22,41.99,49.89
2021-02-23,41.10,41.12,38.71,38.82,41.89,39.25
2021-02-24,39.00,39.11,36.96,38.11,41.67,36.75
2021-02-25,38.53,39.16,36.66,36.75,41.20,32.48
2021-02-26,37.35,37.69,35.56,35.99,40.84,30.36
2021-03-01,36.48,36.84,35.67,35.91,40.50,30.14
2021-03-02,35.76,36.60,35.76,36.14,40.19,31.69
2021-03-03,34.94,35.87,32.92,35.27,39.93,29.06
2021-03-04,34.65,35.96,34.53,35.45,39.67,30.35
2021-03-05,35.44,36.21,35.06,36.03,39.45,34.48
2021-03-08,36.03,36.03,35.11,35.41,39.19,32.28
2021-03-09,35.75,36.25,35.65,35.83,38.94,35.29
2021-03-10,35.96,36.29,35.47,36.14,38.66,37.51
2021-03-11,36.34,36.71,35.90,36.22,38.34,38.10
2021-03-12,36.22,36.88,36.00,36.67,38.04,41.44
2021-03-15,36.80,37.55,36.40,37.24,37.74,45.45
2021-03-16,37.34,37.46,36.14,36.36,37.45,40.80
2021-03-17,36.11,36.48,35.51,36.45,37.16,41.46
2021-03-18,36.31,36.36,35.39,35.41,36.85,36.41
2021-03-19,35.65,36.63,35.57,36.26,36.58,42.57
2021-03-22,36.13,36.79,36.13,36.78,36.36,46.01
2021-03-23,36.60,37.38,36.13,36.70,36.26,45.56
2021-03-24,36.70,36.78,35.65,36.03,36.15,41.85
2021-03-25,36.05,36.74,35.51,36.47,36.14,45.02
2021-03-26,36.36,37.30,36.25,37.06,36.19,49.03
2021-03-29,37.14,37.77,36.64,37.40,36.27,51.24
2021-03-30,37.41,37.62,37.00,37.19,36.32,49.80
2021-03-31,37.34,37.75,36.85,36.89,36.40,47.74
2021-04-01,36.90,37.46,36.63,36.80,36.47,47.11
2021-04-05,36.72,37.56,36.70,37.48,36.54,52.23
2021-04-06,37.23,37.49,36.78,37.33,36.64,51.06
2021-04-07,37.44,37.50,36.74,37.07,36.70,49.00
2021-04-08,37.21,37.55,36.67,37.41,36.76,51.74
2021-04-09,37.14,38.09,37.05,37.90,36.85,55.45
2021-04-12,38.10,38.63,37.81,38.57,36.94,59.98
2021-04-13,38.62,39.18,37.89,38.24,36.99,56.91
2021-04-14,38.36,38.82,38.16,38.61,37.10,59.42
2021-04-15,38.51,39.05,38.33,38.72,37.22,60.16
2021-04-16,38.71,39.68,38.71,38.95,37.39,61.74
2021-04-19,39.02,39.09,37.83,37.86,37.47,51.37
2021-04-20,37.92,38.93,37.76,38.39,37.55,55.30
2021-04-21,38.29,39.53,38.29,39.25,37.68,60.83
2021-04-22,39.06,39.49,38.77,38.99,37.83,58.48
2021-04-23,38.91,40.48,38.81,40.23,38.02,65.37
2021-04-26,40.20,40.20,38.80,39.52,38.14,59.30
2021-04-27,39.52,40.49,39.49,40.35,38.29,63.56
2021-04-28,40.41,40.56,40.17,40.42,38.45,63.90
2021-04-29,40.41,40.92,40.41,40.73,38.64,65.45
2021-04-30,40.73,41.26,40.37,40.39,38.82,62.29
2021-05-03,40.81,40.98,40.18,40.55,38.97,63.19
2021-05-04,40.30,40.65,39.59,40.62,39.14,63.60
2021-05-05,40.63,41.59,40.24,41.42,39.36,67.99
2021-05-06,41.24,42.25,41.23,42.03,39.59,70.87
2021-05-07,42.00,42.29,41.51,42.24,39.80,71.81
2021-05-10,42.17,42.17,41.06,41.26,39.94,61.78
2021-05-11,41.01,41.31,39.80,40.54,40.05,55.63
2021-05-12,35.25,35.98,32.71,33.03,39.77,26.27
2021-05-13,33.05,35.19,32.63,34.71,39.57,34.59
2021-05-14,34.76,35.49,34.25,34.75,39.36,34.77
2021-05-17,35.02,35.34,34.30,35.00,39.22,36.02
2021-05-18,35.08,35.41,34.88,35.05,39.05,36.28
2021-05-19,34.75,34.90,33.97,34.06,38.79,33.37
2021-05-20,34.19,34.60,33.81,34.53,38.57,35.99
2021-05-21,34.50,34.71,33.68,33.79,38.25,33.74
2021-05-24,34.03,34.12,33.50,33.78,37.96,33.71
2021-05-25,33.80,34.01,33.54,33.88,37.64,34.35
2021-05-26,33.90,34.00,33.27,33.97,37.32,34.97
2021-05-27,34.13,34.63,34.04,34.32,37.00,37.41
2021-05-28,34.45,34.78,34.03,34.07,36.68,36.36
2021-06-01,34.34,34.49,33.69,34.22,36.36,37.49
2021-06-02,34.16,34.46,33.77,34.41,36.05,38.97
2021-06-03,34.38,34.64,34.03,34.43,35.70,39.14
2021-06-04,33.92,34.09,33.04,33.55,35.28,34.72
2021-06-07,33.55,33.83,33.22,33.48,34.84,34.39
2021-06-08,33.54,34.15,33.43,34.00,34.48,39.06
2021-06-09,33.94,34.11,33.65,33.75,34.14,37.67
2021-06-10,33.79,34.23,33.44,33.96,34.19,39.61
2021-06-11,34.20,34.60,34.01,34.11,34.16,41.02
2021-06-14,34.20,34.51,33.85,34.49,34.14,44.56
2021-06-15,34.45,34.64,33.64,33.86,34.09,40.25
2021-06-16,33.92,34.21,33.73,34.17,34.04,43.16
2021-06-17,34.04,35.55,33.96,35.21,34.10,51.67
2021-06-18,34.75,35.14,34.39,34.50,34.10,46.55
2021-06-21,34.48,35.33,34.48,35.23,34.17,51.84
2021-06-22,35.20,35.27,34.61,35.15,34.24,51.24
2021-06-23,35.29,35.29,34.56,34.71,34.28,47.96
2021-06-24,34.81,35.02,34.35,34.45,34.30,46.08
2021-06-25,34.45,35.04,34.34,34.84,34.33,49.29
2021-06-28,34.85,35.06,34.30,34.80,34.37,48.97
2021-06-29,35.01,35.19,34.43,34.48,34.38,46.36
2021-06-30,34.60,34.84,34.36,34.66,34.39,48.04
2021-07-01,34.74,34.78,34.12,34.30,34.38,45.01
2021-07-02,34.48,34.77,34.34,34.68,34.44,48.68
2021-07-06,34.75,34.75,34.05,34.35,34.48,45.82
2021-07-07,34.44,34.70,33.95,34.51,34.51,47.43
2021-07-08,34.47,34.55,34.03,34.26,34.54,45.17
2021-07-09,34.38,35.14,34.30,35.07,34.59,53.00
2021-07-12,35.14,35.18,34.62,34.87,34.63,51.06
2021-07-13,34.83,35.18,34.55,34.57,34.63,48.21
2021-07-14,34.72,35.10,34.33,34.86,34.68,51.06
2021-07-15,34.89,35.09,34.61,34.72,34.71,49.64
2021-07-16,34.82,35.45,34.74,35.01,34.70,52.58
2021-07-19,34.93,35.59,34.77,35.54,34.75,57.46
2021-07-20,35.53,36.77,35.49,36.17,34.80,62.41
2021-07-21,36.12,36.25,35.62,35.71,34.83,57.18
2021-07-22,33.50,34.12,32.52,33.05,34.74,37.56
2021-07-23,33.10,33.33,32.23,32.76,34.66,36.10
2021-07-26,32.90,33.40,32.71,32.90,34.56,37.36
2021-07-27,32.72,33.14,32.40,33.05,34.48,38.76
2021-07-28,33.13,33.55,32.80,33.49,34.43,42.78
2021-07-29,33.69,34.14,33.58,33.65,34.38,44.22
2021-07-30,33.72,34.03,33.07,33.12,34.32,40.59
2021-08-02,33.27,33.47,32.54,33.28,34.25,42.13
2021-08-03,33.54,33.84,33.16,33.58,34.21,45.02
2021-08-04,33.65,33.68,32.52,32.89,34.13,40.07
2021-08-05,32.99,33.14,32.87,32.96,34.06,40.78
2021-08-06,33.26,33.26,32.23,32.58,33.94,38.13
2021-08-09,32.71,33.00,31.58,31.60,33.77,32.31
2021-08-10,31.79,31.94,30.71,30.93,33.59,29.04
2021-08-11,29.25,29.35,26.89,27.67,33.23,18.98
2021-08-12,27.53,28.03,27.10,27.25,32.86,18.11
2021-08-13,27.45,27.45,26.68,26.73,32.45,17.07
2021-08-16,26.66,26.90,26.42,26.74,32.01,17.17
2021-08-17,26.66,27.26,26.35,27.01,31.55,19.94
2021-08-18,27.00,27.07,25.82,26.03,31.06,17.63
2021-08-19,25.85,26.03,25.12,25.65,30.69,16.82
2021-08-20,25.50,26.14,25.50,25.84,30.35,18.84
2021-08-23,25.86,25.95,25.15,25.86,30.00,19.06
2021-08-24,25.91,25.92,25.28,25.33,29.61,17.68
2021-08-25,25.36,25.76,25.18,25.58,29.21,20.60
2021-08-26,25.49,25.51,25.00,25.15,28.79,19.33
2021-08-27,25.06,25.22,24.65,25.16,28.39,19.45
2021-08-30,25.26,25.73,25.14,25.46,28.00,23.28
2021-08-31,25.50,26.25,25.24,26.03,27.62,30.08
2021-09-01,25.98,26.01,25.55,25.83,27.27,29.10
2021-09-02,25.96,26.67,25.87,26.07,26.93,31.95
2021-09-03,25.85,26.08,25.51,26.01,26.60,31.61
2021-09-07,26.26,26.26,25.20,25.23,26.28,27.49
2021-09-08,25.25,25.43,24.92,25.03,25.98,26.54
2021-09-09,24.97,25.11,24.75,24.98,25.85,26.29
2021-09-10,24.86,25.24,24.59,25.01,25.74,26.73
2021-09-13,25.07,25.39,24.94,25.05,25.65,27.35
2021-09-14,25.14,25.16,24.51,24.66,25.55,25.11
2021-09-15,24.56,24.69,24.20,24.62,25.43,24.89
2021-09-16,24.58,24.99,24.27,24.27,25.34,22.96
2021-09-17,24.04,24.18,23.62,23.83,25.25,20.77
2021-09-20,23.59,23.77,23.08,23.32,25.12,18.57
2021-09-21,23.40,23.61,22.97,23.21,24.99,18.12
2021-09-22,23.36,23.36,22.79,22.81,24.87,16.56
2021-09-23,22.81,23.03,22.42,22.52,24.71,15.51
2021-09-24,22.55,23.02,21.93,21.97,24.55,13.74
2021-09-27,21.92,22.37,21.71,22.05,24.40,15.26
2021-09-28,22.00,22.08,21.52,21.69,24.21,14.06
2021-09-29,21.70,22.02,21.25,21.38,23.98,13.11
2021-09-30,21.37,21.62,21.01,21.57,23.76,16.83
2021-10-01,21.71,21.91,21.33,21.39,23.53,16.13
2021-10-04,21.29,21.66,21.07,21.24,23.29,15.54
2021-10-05,21.18,21.76,21.18,21.57,23.11,22.21
2021-10-06,21.54,21.76,21.38,21.62,22.94,23.20
2021-10-07,21.76,22.25,21.73,22.16,22.80,33.10
2021-10-08,22.15,22.22,21.74,21.76,22.63,30.02
2021-10-11,21.75,21.99,21.67,21.69,22.47,29.50
2021-10-12,21.69,22.04,21.55,22.02,22.33,35.18
2021-10-13,22.16,22.60,22.08,22.44,22.23,41.63
2021-10-14,22.54,24.26,22.49,23.98,22.21,58.10
2021-10-15,23.98,24.56,23.49,23.57,22.20,53.75
2021-10-18,23.50,23.50,23.04,23.29,22.20,50.95
2021-10-19,23.40,23.43,22.95,23.23,22.20,50.34
2021-10-20,23.31,23.66,23.00,23.05,22.21,48.48
2021-10-21,23.05,23.64,23.05,23.51,22.26,53.24
2021-10-22,23.43,23.67,23.27,23.32,22.33,51.14
2021-10-25,23.36,23.56,22.90,23.01,22.37,47.82
2021-10-26,23.02,23.02,22.43,22.47,22.41,42.63
2021-10-27,22.46,22.50,21.35,21.56,22.42,35.62
2021-10-28,21.57,22.00,21.33,21.84,22.44,38.94
2021-10-29,22.08,22.50,21.84,22.19,22.48,42.92
2021-11-01,22.17,23.30,21.86,23.27,22.58,53.07
2021-11-02,23.18,23.49,22.52,22.85,22.64,49.39
2021-11-03,22.87,24.06,22.71,23.55,22.74,54.99
2021-11-04,23.46,23.80,22.98,23.04,22.78,50.60
2021-11-05,23.12,23.48,22.78,23.32,22.86,52.82
2021-11-08,23.37,23.45,22.89,22.93,22.92,49.48
2021-11-09,22.91,23.36,22.88,23.16,22.98,51.43
2021-11-10,24.35,26.59,24.35,26.00,23.16,67.93
2021-11-11,25.00,26.52,24.88,26.45,23.28,69.68
2021-11-12,26.41,27.89,26.38,27.76,23.49,74.13
2021-11-15,27.22,28.22,27.22,27.82,23.72,74.31
2021-11-16,28.00,28.27,27.45,28.21,23.97,75.54
2021-11-17,28.21,28.54,27.25,27.60,24.19,69.91
2021-11-18,27.53,27.78,27.25,27.64,24.40,70.07
2021-11-19,27.59,28.08,27.59,27.82,24.62,70.81
2021-11-22,27.90,28.68,27.76,28.42,24.89,73.19
2021-11-23,28.42,29.09,28.25,29.00,25.22,75.29
2021-11-24,28.68,29.17,28.30,28.95,25.59,74.75
2021-11-26,28.88,29.29,28.39,28.52,25.93,70.06
2021-11-29,28.51,29.10,28.19,28.92,26.26,71.83
2021-11-30,26.95,29.13,26.95,28.96,26.55,72.01
2021-12-01,28.99,29.14,27.61,27.62,26.78,58.64
2021-12-02,27.85,28.42,27.58,27.68,26.99,59.00
2021-12-03,27.46,27.74,27.07,27.10,27.19,54.01
2021-12-06,27.10,28.18,27.01,27.97,27.43,59.54
2021-12-07,28.58,28.58,27.24,27.34,27.65,54.44
2021-12-08,27.43,27.76,27.21,27.59,27.87,56.05
2021-12-09,27.37,27.86,27.30,27.49,27.94,55.21
2021-12-10,27.49,27.97,27.35,27.85,28.01,57.67
2021-12-13,27.71,28.36,27.62,28.16,28.03,59.72
2021-12-14,28.09,28.45,28.03,28.41,28.06,61.35
2021-12-15,28.49,28.69,27.73,28.46,28.07,61.68
2021-12-16,28.10,28.68,27.92,28.61,28.13,62.72
2021-12-17,28.70,29.08,28.34,28.79,28.18,63.98
2021-12-20,28.44,29.01,28.39,28.74,28.23,63.34
2021-12-21,28.83,28.94,28.20,28.50,28.23,60.22
2021-12-22,28.55,28.59,27.45,27.88,28.18,52.96
2021-12-23,28.24,28.24,27.50,28.05,28.13,54.58
2021-12-27,28.05,28.55,27.75,28.40,28.13,57.79
2021-12-28,28.30,28.73,28.30,28.59,28.11,59.47
2021-12-29,28.64,28.72,28.25,28.35,28.08,56.42
2021-12-30,28.49,28.74,28.23,28.25,28.11,55.15
2021-12-31,28.43,28.54,28.15,28.28,28.14,55.47
2022-01-03,28.38,28.88,28.11,28.56,28.21,58.49
2022-01-04,28.51,28.71,27.84,27.85,28.21,49.37
2022-01-05,27.92,28.33,27.20,27.31,28.21,43.78
2022-01-06,27.54,27.54,26.79,26.83,28.17,39.50
2022-01-07,26.93,27.99,26.76,27.90,28.19,51.00
2022-01-10,27.87,28.01,27.28,27.92,28.19,51.19
2022-01-11,27.71,27.85,27.17,27.28,28.15,45.24
2022-01-12,27.24,27.30,26.79,27.11,28.08,43.79
2022-01-13,27.09,27.69,26.78,27.45,28.03,47.43
2022-01-14,27.43,27.43,26.10,26.43,27.92,39.22
2022-01-18,26.26,26.26,25.40,25.45,27.76,33.27
2022-01-19,24.47,25.32,24.14,24.99,27.57,30.89
2022-01-20,25.24,25.73,24.92,25.02,27.40,31.24
2022-01-21,24.98,25.56,24.98,25.14,27.26,32.68
2022-01-24,24.84,25.45,24.60,25.36,27.12,35.36
2022-01-25,25.10,25.17,24.11,24.88,26.95,32.34
2022-01-26,25.17,25.48,24.56,25.11,26.77,35.20
2022-01-27,25.17,25.88,24.42,24.55,26.58,31.69
2022-01-28,24.33,24.47,23.69,24.42,26.39,30.91
2022-01-31,24.22,25.39,24.13,25.38,26.25,42.12
2022-02-01,25.30,25.54,24.84,25.46,26.09,42.95
2022-02-02,25.74,25.97,25.33,25.63,25.98,44.77
2022-02-03,25.48,25.83,25.05,25.26,25.88,41.66
2022-02-04,25.26,25.38,24.61,25.25,25.80,41.58
2022-02-07,25.28,25.52,24.86,24.93,25.65,38.88
2022-02-08,24.76,25.67,24.60,25.49,25.53,45.54
2022-02-09,25.39,26.41,25.39,26.39,25.48,54.18
2022-02-10,26.37,26.50,25.74,26.01,25.43,50.54
2022-02-11,25.96,26.76,25.84,26.51,25.38,54.84
2022-02-14,26.32,26.66,25.75,26.14,25.37,51.29
2022-02-15,26.24,27.20,26.24,27.18,25.45,59.28
2022-02-16,27.18,27.33,26.62,27.11,25.56,58.59
2022-02-17,26.99,27.66,26.74,27.56,25.69,61.70
2022-02-18,27.42,27.74,26.59,26.65,25.76,53.01
2022-02-22,26.55,26.61,25.57,25.65,25.78,45.44
2022-02-23,25.80,26.13,25.31,25.41,25.80,43.82
2022-02-24,25.00,25.79,24.47,25.67,25.83,46.06
2022-02-25,25.79,27.92,25.72,27.87,26.00,60.44
2022-02-28,27.73,28.51,27.48,27.81,26.17,59.97
2022-03-01,28.00,28.34,27.60,28.17,26.31,61.88
2022-03-02,27.51,27.81,26.52,27.23,26.40,54.55
2022-03-03,27.44,29.36,27.23,29.01,26.56,63.40
2022-03-04,28.84,29.83,28.48,29.32,26.77,64.69
2022-03-07,29.13,30.76,29.07,29.54,26.98,65.61
2022-03-08,29.31,31.13,29.31,29.90,27.23,67.13
2022-03-09,30.05,30.31,28.95,29.09,27.41,60.64
2022-03-10,29.11,29.71,28.62,29.55,27.57,62.84
2022-03-11,29.55,29.89,29.24,29.40,27.74,61.63
2022-03-14,29.36,29.41,27.87,28.08,27.82,52.14
2022-03-15,27.98,30.22,27.82,30.10,28.01,61.83
2022-03-16,30.25,31.58,30.00,31.12,28.21,65.61
2022-03-17,31.06,31.45,30.76,30.79,28.40,63.42
2022-03-18,30.62,32.03,30.53,31.74,28.61,66.86
2022-03-21,31.74,32.15,31.02,31.30,28.84,63.87
2022-03-22,31.37,32.09,31.05,32.00,29.16,66.44
2022-03-23,32.01,32.90,32.00,32.50,29.51,68.18
2022-03-24,32.57,33.02,32.48,33.02,29.88,69.93
2022-03-25,32.85,33.13,32.37,32.89,30.13,68.91
2022-03-28,32.80,33.28,32.34,32.50,30.36,65.81
2022-03-29,32.70,33.25,32.47,33.16,30.61,68.40
2022-03-30,32.97,33.23,32.79,33.03,30.90,67.32
2022-03-31,33.08,33.44,32.69,32.78,31.09,65.18
2022-04-01,32.81,33.70,32.81,33.67,31.31,68.96
2022-04-04,33.63,34.10,33.19,33.78,31.52,69.40
2022-04-05,33.90,34.49,33.54,34.21,31.74,71.13
2022-04-06,33.92,34.76,33.35,34.75,32.02,73.18
2022-04-07,34.91,35.56,34.74,35.27,32.30,75.02
2022-04-08,35.38,36.00,35.07,35.70,32.62,76.45
2022-04-11,35.71,36.33,35.65,36.06,33.02,77.61
2022-04-12,36.26,36.58,34.31,34.36,33.23,62.05
2022-04-13,34.62,35.12,34.20,34.87,33.42,64.36
2022-04-14,34.72,35.11,34.35,34.54,33.61,61.74
2022-04-18,34.59,34.82,33.68,33.85,33.71,56.56
2022-04-19,33.69,35.67,33.69,35.52,33.92,64.36
2022-04-20,35.40,35.58,33.79,33.99,34.02,54.68
2022-04-21,34.08,34.29,33.42,33.74,34.08,53.27
2022-04-22,33.58,33.81,32.65,32.74,34.07,47.94
2022-04-25,32.82,33.01,32.16,32.91,34.07,48.88
2022-04-26,32.55,32.90,31.94,31.97,34.04,44.15
2022-04-27,31.90,32.83,31.71,32.50,34.01,47.25
2022-04-28,32.49,33.29,32.33,33.06,34.01,50.38
2022-04-29,34.04,34.70,33.45,33.67,34.06,53.61
2022-05-02,33.50,33.97,32.71,33.31,34.04,51.48
2022-05-03,33.54,34.32,33.24,33.85,34.04,54.41
2022-05-04,33.61,34.31,33.22,34.15,34.04,55.99
2022-05-05,33.74,34.27,31.86,32.46,33.93,46.23
2022-05-06,32.73,33.04,31.81,32.15,33.77,44.69
2022-05-09,31.91,32.54,31.64,32.25,33.60,45.32
2022-05-10,32.27,32.57,30.57,31.07,33.35,39.57
2022-05-11,35.27,37.36,33.92,35.65,33.41,60.51
2022-05-12,35.65,37.30,35.06,35.51,33.44,59.83
2022-05-13,36.04,37.82,35.95,36.92,33.56,64.21
2022-05-16,36.74,36.99,35.72,35.93,33.67,59.32
2022-05-17,35.90,37.29,35.49,36.80,33.73,62.06
2022-05-18,36.11,36.19,34.53,35.03,33.78,54.09
2022-05-19,34.80,36.28,34.37,35.74,33.88,56.50
2022-05-20,36.00,36.28,34.98,35.91,34.04,57.08
2022-05-23,36.11,38.28,36.11,38.21,34.31,64.08
2022-05-24,38.08,39.01,37.35,38.98,34.66,66.07
2022-05-25,38.79,39.29,37.93,38.01,34.93,61.45
2022-05-26,38.52,39.50,37.93,38.20,35.19,62.01
2022-05-27,38.23,38.90,38.23,38.50,35.43,62.92
2022-05-31,38.77,39.36,38.08,38.25,35.68,61.59
2022-06-01,38.42,38.52,37.85,38.15,35.89,61.03
2022-06-02,38.29,38.44,37.78,38.20,36.10,61.22
2022-06-03,37.86,38.36,37.81,38.00,36.37,59.97
2022-06-06,37.82,38.22,37.43,37.52,36.64,56.95
2022-06-07,37.33,37.89,36.87,37.80,36.92,58.27
2022-06-08,37.81,37.93,37.24,37.50,37.24,56.28
2022-06-09,37.34,37.50,36.93,36.97,37.31,52.85
2022-06-10,36.91,38.90,36.90,38.65,37.46,60.97
2022-06-13,38.32,38.37,37.41,37.67,37.50,55.02
2022-06-14,37.93,39.31,37.89,38.14,37.61,57.18
2022-06-15,38.00,39.02,37.62,38.86,37.71,60.32
2022-06-16,38.22,40.64,38.22,40.45,37.99,66.22
2022-06-17,40.97,41.36,39.41,40.15,38.21,64.28
2022-06-21,40.52,42.00,40.45,41.58,38.49,68.95
2022-06-22,40.98,41.70,40.80,40.88,38.62,64.50
2022-06-23,41.25,42.69,40.70,42.49,38.80,69.39
2022-06-24,42.70,43.24,42.11,43.11,39.05,71.05
2022-06-27,43.12,43.55,42.69,43.36,39.31,71.71
2022-06-28,43.52,43.54,42.43,42.50,39.51,66.10
2022-06-29,42.73,43.38,41.97,42.90,39.74,67.37
2022-06-30,42.60,43.33,41.79,42.63,39.97,65.58
2022-07-01,42.58,43.51,42.27,43.50,40.23,68.49
2022-07-05,43.15,44.04,42.66,43.10,40.49,65.73
2022-07-06,42.55,43.87,42.40,42.76,40.75,63.40
2022-07-07,42.76,44.94,42.76,44.83,41.10,70.32
2022-07-08,44.60,44.95,44.14,44.30,41.44,66.83
2022-07-11,44.30,44.48,43.95,44.26,41.81,66.57
2022-07-12,44.18,44.42,43.35,43.64,42.06,62.39
2022-07-13,43.44,44.24,43.37,43.65,42.35,62.43
2022-07-14,43.58,45.20,43.42,44.89,42.69,67.20
2022-07-15,44.90,45.54,44.55,45.51,43.02,69.30
2022-07-18,45.74,46.13,45.21,45.56,43.28,69.47
2022-07-19,45.85,45.85,44.98,45.22,43.53,66.77
2022-07-20,45.40,45.49,44.85,45.12,43.71,65.95
2022-07-21,45.08,45.35,44.66,44.70,43.90,62.51
2022-07-22,44.67,45.07,44.08,44.20,43.99,58.59
2022-07-25,44.22,44.62,44.04,44.40,44.05,59.68
2022-07-26,44.03,44.15,43.16,43.50,44.06,52.93
2022-07-27,43.84,44.04,42.79,43.94,44.13,55.58
2022-07-28,44.09,44.27,43.14,43.89,44.18,55.20
2022-07-29,43.32,43.96,42.47,42.72,44.18,47.10
2022-08-01,42.74,43.46,42.10,42.30,44.12,44.57
2022-08-02,42.34,42.80,41.90,42.37,44.09,45.10
2022-08-03,42.46,44.06,42.05,43.92,44.15,55.28
2022-08-04,44.14,44.50,43.78,44.08,44.11,56.18
2022-08-05,43.87,44.67,43.62,44.54,44.12,58.76
2022-08-08,44.70,46.37,44.70,45.34,44.17,62.85
2022-08-09,45.64,45.97,44.41,44.92,44.24,59.51
2022-08-10,45.00,45.08,41.18,42.06,44.16,42.82
2022-08-11,42.33,42.87,41.52,41.61,44.00,40.88
2022-08-12,41.85,41.85,40.29,40.51,43.75,36.52
2022-08-15,40.15,41.65,40.14,40.45,43.49,36.29
2022-08-16,40.66,42.09,40.12,41.75,43.32,44.37
2022-08-17,41.72,42.00,41.16,41.25,43.12,42.16
2022-08-18,41.47,42.56,41.44,42.23,43.00,47.67
2022-08-19,42.20,42.50,41.18,42.08,42.89,46.94
2022-08-22,42.02,42.90,41.67,41.74,42.76,45.23
2022-08-23,39.61,40.65,38.33,39.91,42.58,37.35
2022-08-24,40.11,40.14,39.33,39.38,42.35,35.42
2022-08-25,39.33,39.65,38.78,39.58,42.14,36.75
2022-08-26,39.85,40.29,39.02,39.11,41.96,34.94
2022-08-29,39.10,39.94,39.02,39.75,41.83,39.33
2022-08-30,39.99,40.32,39.26,39.97,41.71,40.80
2022-08-31,39.61,40.28,39.21,40.12,41.52,41.85
2022-09-01,39.92,40.46,39.60,40.01,41.32,41.27
2022-09-02,40.30,40.31,38.98,39.13,41.05,36.92
2022-09-06,39.10,39.95,38.85,39.04,40.73,36.49
2022-09-07,39.00,39.47,37.89,38.50,40.41,33.97
2022-09-08,38.32,38.36,37.11,37.76,40.19,30.83
2022-09-09,38.14,38.92,37.90,38.27,40.03,35.27
2022-09-12,37.47,38.61,37.46,38.48,39.93,37.07
2022-09-13,38.39,38.52,37.01,37.01,39.75,30.66
2022-09-14,37.20,37.56,36.31,36.58,39.50,29.08
2022-09-15,36.42,36.58,35.41,35.64,39.21,25.93
2022-09-16,35.64,36.00,35.16,35.71,38.89,26.56
2022-09-19,35.71,35.83,34.72,34.84,38.53,23.82
2022-09-20,35.11,35.65,34.49,34.89,38.18,24.30
2022-09-21,34.92,35.83,34.76,35.29,37.95,28.23
2022-09-22,35.20,35.24,34.21,34.55,37.71,25.59
2022-09-23,34.30,35.46,34.30,35.41,37.50,33.40
2022-09-26,35.28,35.60,34.08,34.26,37.26,29.01
2022-09-27,34.42,34.72,33.19,33.37,36.94,26.15
2022-09-28,33.45,34.26,32.86,34.11,36.65,32.15
2022-09-29,33.77,33.77,32.32,33.15,36.30,28.87
2022-09-30,33.61,33.85,32.77,33.29,35.96,29.99
2022-10-03,33.47,33.47,32.66,33.13,35.66,29.42
2022-10-04,33.53,34.25,32.42,33.27,35.38,30.66
2022-10-05,33.25,33.71,32.36,32.71,35.09,28.50
2022-10-06,32.64,33.05,32.03,32.79,34.84,29.27
2022-10-07,32.75,33.17,32.23,32.46,34.55,27.94
2022-10-10,32.64,33.59,32.55,33.55,34.30,37.97
2022-10-11,33.35,34.49,33.34,34.30,34.16,43.78
2022-10-12,34.19,34.75,32.94,32.95,33.98,37.06
2022-10-13,33.07,34.15,32.70,34.03,33.90,44.41
2022-10-14,34.11,34.28,31.63,31.64,33.70,34.74
2022-10-17,31.99,33.07,31.67,32.76,33.60,41.20
2022-10-18,33.26,33.53,32.56,33.23,33.51,43.72
2022-10-19,32.99,33.21,32.07,32.47,33.37,40.68
2022-10-20,32.58,32.58,31.70,31.77,33.23,38.06
2022-10-21,31.76,32.37,31.35,32.16,33.07,40.37
2022-10-24,32.70,32.70,32.02,32.41,32.98,41.86
2022-10-25,32.39,34.12,32.22,34.01,33.01,50.42
2022-10-26,34.24,34.93,33.90,33.96,33.00,50.17
2022-10-27,34.01,34.78,33.66,34.34,33.06,52.10
2022-10-28,34.46,35.50,34.38,35.26,33.16,56.50
2022-10-31,35.19,35.35,34.25,34.57,33.23,52.60
2022-11-01,34.59,34.91,33.94,34.30,33.28,51.11
2022-11-02,34.20,34.25,33.13,33.28,33.31,45.84
2022-11-03,33.31,33.63,32.45,32.48,33.30,42.17
2022-11-04,32.57,32.83,31.92,32.54,33.30,42.54
2022-11-07,32.58,33.01,32.01,32.85,33.27,44.52
2022-11-08,33.04,34.61,32.94,34.26,33.26,52.55
2022-11-09,31.93,32.67,29.66,31.00,33.17,38.63
2022-11-10,31.49,31.84,29.17,29.76,32.95,34.85
2022-11-11,29.90,30.19,28.94,29.92,32.87,35.72
2022-11-14,29.83,31.40,29.83,30.96,32.78,41.24
2022-11-15,31.25,32.15,30.94,31.70,32.70,44.87
2022-11-16,31.46,32.23,31.25,31.52,32.65,44.16
2022-11-17,30.81,31.65,30.15,30.75,32.60,41.14
2022-11-18,31.30,31.39,30.16,30.32,32.51,39.52
2022-11-21,30.57,31.39,30.29,30.63,32.42,41.31
2022-11-22,30.63,31.15,30.52,31.11,32.28,44.09
2022-11-23,31.02,31.32,30.52,30.55,32.10,41.62
2022-11-25,30.29,30.64,30.07,30.45,31.91,41.17
2022-11-28,30.23,30.34,29.64,30.21,31.66,40.07
2022-11-29,30.20,30.37,29.45,30.07,31.43,39.41
2022-11-30,30.29,30.67,29.65,30.27,31.23,40.91
2022-12-01,30.47,31.27,30.13,30.57,31.10,43.19
2022-12-02,30.65,30.72,30.08,30.65,31.00,43.81
2022-12-05,30.72,30.74,29.30,29.50,30.85,37.46
2022-12-06,29.36,29.83,29.36,29.54,30.69,37.80
2022-12-07,29.70,29.96,28.50,28.60,30.40,33.25
2022-12-08,28.73,29.01,28.20,28.64,30.29,33.62
2022-12-09,28.50,28.82,28.43,28.54,30.23,33.13
2022-12-12,28.63,29.67,28.37,29.56,30.21,42.34
2022-12-13,29.98,30.29,29.46,29.71,30.14,43.57
2022-12-14,29.58,30.67,29.58,30.51,30.08,49.74
2022-12-15,30.21,31.04,29.49,29.65,29.99,44.15
2022-12-16,29.74,30.96,29.74,30.41,29.97,49.54
2022-12-19,30.37,30.59,28.71,29.19,29.92,42.46
2022-12-20,29.47,30.03,28.98,29.74,29.87,46.19
2022-12-21,29.90,30.58,29.80,30.29,29.83,49.71
2022-12-22,30.23,30.27,28.84,29.33,29.77,44.27
2022-12-23,29.23,29.86,29.05,29.71,29.73,46.76
2022-12-27,29.71,29.78,28.63,28.73,29.66,41.61
2022-12-28,28.61,29.28,28.51,29.04,29.61,43.72
2022-12-29,29.19,29.52,29.12,29.32,29.56,45.63
2022-12-30,29.13,29.44,28.91,29.19,29.49,44.87
2023-01-03,29.16,29.16,28.15,28.69,29.39,41.96
2023-01-04,29.07,29.21,28.52,28.85,29.36,43.23
2023-01-05,28.69,28.80,28.16,28.32,29.30,40.11
2023-01-06,28.47,29.10,28.35,28.72,29.31,43.43
2023-01-09,28.76,28.91,28.22,28.44,29.30,41.69
2023-01-10,28.54,29.78,28.41,29.64,29.35,50.80
2023-01-11,29.64,29.87,29.02,29.53,29.35,50.02
2023-01-12,29.71,29.90,29.25,29.60,29.35,50.54
2023-01-13,29.57,29.75,29.24,29.72,29.31,51.46
2023-01-17,29.40,30.25,29.35,30.20,29.33,55.07
2023-01-18,30.27,30.49,29.24,29.38,29.28,48.44
2023-01-19,29.35,29.35,28.64,28.75,29.26,44.05
2023-01-20,28.73,29.09,28.38,28.99,29.22,46.06
2023-01-23,28.92,29.51,28.75,29.46,29.18,49.85
2023-01-24,29.54,29.68,28.81,28.87,29.16,45.52
2023-01-25,28.76,29.71,28.61,29.48,29.15,50.32
2023-01-26,29.55,29.90,29.45,29.51,29.19,50.55
2023-01-27,29.44,30.10,29.36,29.88,29.23,53.43
2023-01-30,29.71,30.23,29.64,30.01,29.26,54.43
2023-01-31,30.03,30.40,29.93,30.39,29.32,57.32
2023-02-01,30.39,31.75,30.33,31.49,29.46,64.36
2023-02-02,31.49,32.51,31.33,31.96,29.62,66.88
2023-02-03,31.63,32.04,31.01,31.33,29.77,60.69
2023-02-06,31.40,31.54,30.45,30.60,29.86,54.41
2023-02-07,30.55,30.77,29.83,30.45,29.96,53.20
2023-02-08,30.27,30.54,29.96,30.09,29.98,50.29
2023-02-09,30.29,30.33,29.78,29.88,30.00,48.62
2023-02-10,29.80,29.88,29.13,29.25,29.98,43.91
2023-02-13,29.30,29.87,29.01,29.86,29.99,49.05
2023-02-14,29.70,29.85,29.00,29.33,29.95,45.18
2023-02-15,29.15,30.29,29.15,30.28,29.99,52.44
2023-02-16,30.08,30.51,29.56,30.23,30.07,52.04
2023-02-17,30.22,30.35,29.49,29.64,30.10,47.54
2023-02-21,29.38,29.64,28.97,29.05,30.08,43.49
2023-02-22,29.05,29.15,28.65,28.89,30.08,42.44
2023-02-23,28.96,28.96,28.07,28.21,30.02,38.19
2023-02-24,28.13,28.23,27.68,28.05,29.94,37.25
2023-02-27,28.24,28.39,27.57,27.67,29.83,35.03
2023-02-28,27.77,27.77,26.15,27.05,29.68,31.72
2023-03-01,26.08,26.80,25.71,26.44,29.49,28.83
2023-03-02,26.49,27.74,26.30,27.29,29.28,37.39
2023-03-03,27.51,27.71,27.03,27.61,29.06,40.30
2023-03-06,27.47,27.56,27.05,27.19,28.85,37.82
2023-03-07,27.25,27.55,26.87,26.89,28.67,36.10
2023-03-08,26.70,26.80,25.98,26.71,28.48,35.08
2023-03-09,26.96,27.70,26.86,27.19,28.34,39.98
2023-03-10,27.11,27.40,26.33,26.70,28.18,36.91
2023-03-13,26.56,27.23,26.50,27.03,28.07,40.23
2023-03-14,27.52,27.71,26.98,27.15,27.93,41.44
2023-03-15,26.99,27.51,26.96,27.41,27.83,44.08
2023-03-16,27.23,27.33,26.80,27.10,27.67,41.67
2023-03-17,26.93,27.04,26.50,26.91,27.51,40.22
2023-03-20,26.87,27.45,26.87,27.16,27.38,43.03
2023-03-21,27.33,27.60,27.18,27.54,27.31,47.10
2023-03-22,27.27,27.74,27.02,27.16,27.22,43.73
2023-03-23,27.31,27.50,27.17,27.32,27.18,45.50
2023-03-24,27.30,27.57,27.17,27.40,27.15,46.41
2023-03-27,27.53,28.35,27.50,28.19,27.17,54.45
2023-03-28,28.14,28.83,28.14,28.49,27.24,57.09
2023-03-29,28.70,28.70,27.99,28.29,27.34,54.81
2023-03-30,28.40,28.56,28.07,28.25,27.38,54.35
2023-03-31,28.45,28.59,28.07,28.26,27.42,54.45
2023-04-03,28.36,28.43,28.05,28.19,27.47,53.53
2023-04-04,28.33,28.34,27.91,28.00,27.52,51.00
2023-04-05,27.81,27.98,27.49,27.76,27.58,47.92
2023-04-06,27.69,27.94,27.52,27.78,27.60,48.20
2023-04-10,27.74,28.95,27.74,28.88,27.71,60.73
2023-04-11,28.81,29.81,28.79,29.72,27.85,67.25
2023-04-12,29.79,29.85,29.12,29.44,27.96,63.47
2023-04-13,29.50,29.74,28.08,28.17,28.00,49.79
2023-04-14,28.26,28.61,27.76,27.85,28.04,47.04
2023-04-17,28.00,28.60,27.88,28.53,28.12,52.99
2023-04-18,28.53,28.53,28.20,28.30,28.18,50.91
2023-04-19,28.33,28.55,27.98,28.38,28.22,51.62
2023-04-20,28.47,28.83,28.30,28.82,28.30,55.44
2023-04-21,28.79,29.16,28.39,28.47,28.36,51.93
2023-04-24,28.33,29.43,28.33,29.39,28.46,59.24
2023-04-25,29.21,29.65,28.98,29.09,28.50,56.24
2023-04-26,28.88,29.32,28.81,29.21,28.54,57.17
2023-04-27,29.26,29.81,28.94,29.67,28.61,60.65
2023-04-28,29.74,30.20,29.69,29.78,28.68,61.45
2023-05-01,29.73,30.28,29.39,29.66,28.75,60.01
2023-05-02,29.84,30.76,29.77,30.57,28.87,66.45
2023-05-03,30.67,30.82,29.70,29.75,28.96,57.47
2023-05-04,29.82,30.00,29.16,29.32,29.04,53.40
2023-05-05,29.52,30.29,29.44,29.65,29.13,55.98
2023-05-08,29.56,30.45,29.45,30.18,29.20,59.82
2023-05-09,29.96,30.22,29.63,30.11,29.22,59.09
2023-05-10,31.62,32.55,30.80,31.50,29.32,67.59
2023-05-11,31.49,31.93,29.63,29.95,29.41,54.09
2023-05-12,29.99,30.43,29.64,30.43,29.54,56.96
2023-05-15,30.50,30.59,30.00,30.57,29.64,57.79
2023-05-16,30.29,30.89,30.08,30.49,29.75,57.11
2023-05-17,30.49,30.71,30.06,30.52,29.86,57.31
2023-05-18,30.46,30.71,30.26,30.64,29.95,58.16
2023-05-19,30.67,30.81,30.40,30.54,30.05,57.14
2023-05-22,30.72,30.78,29.87,29.89,30.08,50.90
2023-05-23,29.81,30.33,29.28,30.00,30.12,51.86
2023-05-24,30.24,30.44,29.69,30.11,30.17,52.85
2023-05-25,29.63,29.89,29.04,29.11,30.14,43.99
2023-05-26,29.04,29.22,28.47,29.17,30.11,44.59
2023-05-30,29.06,29.09,28.39,28.52,30.05,39.63
2023-05-31,28.65,29.13,28.39,28.72,29.96,41.78
2023-06-01,28.52,28.62,27.69,27.97,29.87,36.53
2023-06-02,28.48,29.37,28.42,28.86,29.85,45.30
2023-06-05,28.63,28.75,27.82,27.88,29.76,38.93
2023-06-06,27.86,28.78,27.74,28.73,29.69,46.02
2023-06-07,28.61,28.87,28.20,28.53,29.61,44.71
2023-06-08,28.59,28.73,28.25,28.36,29.45,43.57
2023-06-09,28.26,28.43,27.86,27.94,29.35,40.80
2023-06-12,27.98,29.14,27.84,29.04,29.28,49.80
2023-06-13,29.15,29.28,28.82,29.14,29.21,50.54
2023-06-14,29.25,29.38,29.02,29.30,29.15,51.76
2023-06-15,29.27,29.43,28.81,29.36,29.09,52.23
2023-06-16,29.39,29.39,28.65,28.72,28.99,46.92
2023-06-20,28.79,29.07,28.39,28.41,28.89,44.55
2023-06-21,28.41,28.45,27.82,27.93,28.79,41.10
2023-06-22,27.97,28.70,27.75,28.65,28.72,47.65
2023-06-23,28.53,29.55,28.40,29.05,28.67,50.92
2023-06-26,29.13,29.52,29.06,29.26,28.68,52.59
2023-06-27,29.13,29.85,29.04,29.60,28.70,55.25
2023-06-28,29.64,29.97,29.43,29.88,28.77,57.37
2023-06-29,29.74,30.33,29.74,30.16,28.84,59.44
2023-06-30,30.33,30.80,30.15,30.61,28.97,62.59
2023-07-03,30.71,31.05,29.59,30.36,29.05,59.81
2023-07-05,30.35,31.28,30.17,31.25,29.21,65.65
2023-07-06,31.13,31.77,30.96,31.44,29.35,66.76
2023-07-07,31.50,31.99,31.33,31.61,29.50,67.77
2023-07-10,31.58,32.53,31.56,32.38,29.70,71.90
2023-07-11,32.36,32.76,32.23,32.47,29.93,72.35
2023-07-12,32.67,32.98,32.36,32.86,30.12,74.26
2023-07-13,32.96,33.26,32.47,32.50,30.29,69.49
2023-07-14,32.50,32.85,32.30,32.84,30.47,71.36
2023-07-17,32.84,33.55,32.60,33.31,30.66,73.76
2023-07-18,33.48,33.84,33.09,33.21,30.89,72.37
2023-07-19,33.35,33.57,33.11,33.15,31.13,71.50
2023-07-20,33.27,33.30,32.95,33.13,31.39,71.19
2023-07-21,33.28,33.44,33.15,33.34,31.62,72.53
2023-07-24,33.33,33.59,33.18,33.22,31.83,70.52
2023-07-25,33.23,33.62,33.20,33.35,32.03,71.44
2023-07-26,33.35,33.85,33.25,33.55,32.23,72.85
2023-07-27,33.54,33.74,33.35,33.39,32.41,69.88
2023-07-28,33.60,33.60,33.26,33.44,32.57,70.33
2023-07-31,33.48,33.67,33.16,33.45,32.71,70.37
2023-08-01,33.50,33.71,33.31,33.33,32.86,67.82
2023-08-02,33.22,33.72,33.21,33.40,32.97,68.54
2023-08-03,33.40,33.73,33.33,33.46,33.07,69.17
2023-08-04,33.59,33.60,33.18,33.28,33.15,64.95
2023-08-07,33.29,33.60,33.15,33.21,33.19,63.33
2023-08-08,33.18,33.41,32.95,33.14,33.23,61.68
2023-08-09,35.65,36.54,34.43,34.59,33.31,75.79
2023-08-10,34.75,35.25,34.44,34.68,33.42,76.37
2023-08-11,34.77,34.86,34.13,34.34,33.50,69.57
2023-08-14,34.16,34.51,33.51,33.88,33.53,61.58
2023-08-15,33.91,34.11,33.71,33.98,33.57,62.59
2023-08-16,34.13,34.36,33.85,33.90,33.60,61.21
2023-08-17,33.91,34.09,32.82,33.25,33.61,51.31
2023-08-18,33.16,33.77,32.97,33.70,33.63,56.55
2023-08-21,33.74,33.79,32.57,32.61,33.60,44.15
2023-08-22,32.35,32.47,31.65,32.12,33.54,39.92
2023-08-23,31.91,32.35,31.60,32.33,33.47,42.46
2023-08-24,32.18,32.47,31.82,31.92,33.40,38.99
2023-08-25,32.11,32.47,32.01,32.46,33.35,45.33
2023-08-28,32.41,32.49,31.43,31.56,33.26,38.20
2023-08-29,31.46,31.64,30.75,31.03,33.14,34.74
2023-08-30,31.03,31.44,30.91,31.01,33.02,34.61
2023-08-31,30.83,31.29,30.70,30.85,32.89,33.55
2023-09-01,30.75,30.85,30.38,30.57,32.76,31.71
2023-09-05,30.56,31.19,30.38,30.46,32.62,31.00
2023-09-06,30.37,30.50,29.86,30.01,32.46,28.19
2023-09-07,30.09,30.41,29.98,30.26,32.25,31.88
2023-09-08,30.31,30.76,30.26,30.68,32.05,37.67
2023-09-11,30.68,30.72,30.32,30.38,31.85,35.36
2023-09-12,30.44,30.48,29.92,30.11,31.66,33.37
2023-09-13,30.41,30.41,29.78,29.90,31.46,31.87
2023-09-14,29.93,30.21,29.84,30.01,31.26,33.56
2023-09-15,29.95,30.33,29.76,30.09,31.10,34.82
2023-09-18,30.07,30.23,29.07,29.23,30.88,28.54
2023-09-19,29.20,29.28,28.44,28.64,30.68,25.19
2023-09-20,29.08,29.76,28.69,29.58,30.55,37.74
2023-09-21,29.54,29.63,28.39,28.41,30.36,30.81
2023-09-22,28.42,28.94,28.19,28.80,30.20,35.09
2023-09-25,28.77,29.34,28.65,29.32,30.04,40.39
2023-09-26,29.27,29.33,28.73,28.85,29.91,37.42
2023-09-27,28.93,29.03,28.54,28.86,29.80,37.52
2023-09-28,28.93,29.13,28.79,28.94,29.70,38.41
2023-09-29,29.07,29.22,28.72,28.85,29.60,37.76
2023-10-02,28.83,29.28,28.53,28.67,29.50,36.42
2023-10-03,28.54,28.77,28.39,28.45,29.40,34.80
2023-10-04,28.55,28.75,28.17,28.55,29.33,36.19
2023-10-05,28.45,28.52,28.16,28.24,29.23,33.79
2023-10-06,28.23,28.27,27.26,27.29,29.06,27.72
2023-10-09,27.11,27.14,26.16,26.34,28.86,23.22
2023-10-10,26.33,27.31,26.33,27.30,28.72,34.74
2023-10-11,27.36,27.37,26.68,26.80,28.56,32.04
2023-10-12,26.83,26.96,26.47,26.84,28.40,32.49
2023-10-13,26.92,27.68,26.78,27.52,28.27,39.81
2023-10-16,27.67,27.99,27.51,27.51,28.19,39.75
2023-10-17,27.49,28.54,27.49,28.13,28.16,45.93
2023-10-18,28.13,28.21,27.72,27.87,28.08,43.90
2023-10-19,27.80,27.85,27.34,27.43,28.03,40.62
2023-10-20,27.68,27.82,27.47,27.58,27.97,42.20
2023-10-23,27.56,27.76,27.18,27.31,27.87,40.13
2023-10-24,27.48,27.67,27.18,27.27,27.79,39.81
2023-10-25,27.27,27.53,27.10,27.44,27.72,41.89
2023-10-26,27.52,27.68,27.05,27.34,27.64,40.99
2023-10-27,27.37,27.41,27.01,27.05,27.55,38.43
2023-10-30,27.16,27.95,27.09,27.75,27.50,47.03
2023-10-31,27.70,28.00,27.47,27.67,27.46,46.24
2023-11-01,27.71,28.13,27.26,27.94,27.43,49.35
2023-11-02,28.03,28.49,27.90,28.43,27.44,54.50
2023-11-03,28.54,28.86,28.29,28.36,27.49,53.66
2023-11-06,28.26,28.65,28.12,28.27,27.59,52.54
2023-11-07,28.40,28.84,28.16,28.46,27.65,54.69
2023-11-08,27.00,27.81,26.51,27.15,27.67,40.92
2023-11-09,27.23,27.40,26.78,27.08,27.68,40.34
2023-11-10,27.20,27.45,26.91,27.44,27.67,44.71
2023-11-13,27.44,28.09,27.18,27.99,27.70,50.66
2023-11-14,28.18,29.32,28.18,29.06,27.74,59.74
2023-11-15,29.16,29.98,29.08,29.69,27.84,63.95
2023-11-16,29.38,29.38,28.43,28.44,27.89,52.28
2023-11-17,28.63,28.94,27.81,28.01,27.91,48.97
2023-11-20,27.99,28.24,27.88,28.18,27.95,50.31
2023-11-21,28.16,28.67,28.01,28.41,28.01,52.14
2023-11-22,28.58,28.98,28.58,28.82,28.08,55.30
2023-11-24,28.81,29.04,28.48,28.52,28.14,52.56
2023-11-27,28.52,28.90,28.44,28.71,28.22,54.11
2023-11-28,28.59,28.67,28.18,28.21,28.24,49.53
2023-11-29,28.35,28.53,27.88,27.93,28.26,47.12
2023-11-30,27.80,28.25,27.41,28.21,28.27,49.75
2023-12-01,28.25,28.55,28.04,28.47,28.27,52.13
2023-12-04,28.48,29.43,28.47,29.16,28.31,57.84
2023-12-05,29.17,29.29,28.89,28.96,28.34,55.76
2023-12-06,28.97,29.53,28.70,29.50,28.40,59.94
2023-12-07,29.70,29.80,29.42,29.54,28.52,60.24
2023-12-08,29.68,29.76,29.10,29.25,28.62,56.92
2023-12-11,29.33,29.75,29.33,29.74,28.74,60.85
2023-12-12,27.78,28.28,27.22,27.91,28.74,44.51
2023-12-13,28.01,29.21,27.90,29.19,28.74,53.85
2023-12-14,29.50,29.80,28.54,28.78,28.70,50.89
2023-12-15,28.94,28.99,28.64,28.67,28.71,50.10
2023-12-18,28.75,29.00,28.18,28.39,28.73,48.05
2023-12-19,28.47,28.51,27.66,27.92,28.71,44.73
2023-12-20,27.92,27.92,26.97,27.00,28.64,39.05
2023-12-21,27.08,27.34,26.97,27.24,28.56,41.15
2023-12-22,27.27,27.70,27.16,27.37,28.51,42.31
2023-12-26,27.44,27.63,27.12,27.24,28.43,41.43
2023-12-27,27.30,27.45,27.15,27.33,28.39,42.32
2023-12-28,27.37,27.37,26.86,26.97,28.34,39.71
2023-12-29,26.96,27.09,26.76,26.96,28.28,39.64
2024-01-02,26.96,27.65,26.96,27.22,28.22,42.60
2024-01-03,27.26,28.07,27.13,27.73,28.15,47.98
2024-01-04,27.90,28.00,27.48,27.49,28.07,45.81
2024-01-05,27.41,27.48,26.48,26.50,27.92,38.12
2024-01-08,26.45,26.45,26.10,26.40,27.76,37.44
2024-01-09,26.34,26.93,26.18,26.84,27.64,42.33
2024-01-10,26.75,27.03,26.50,26.67,27.49,41.00
2024-01-11,26.66,26.97,26.55,26.92,27.44,43.81
2024-01-12,26.96,27.16,26.75,26.98,27.33,44.49
2024-01-16,27.00,27.62,26.78,27.42,27.26,49.35
2024-01-17,27.23,27.27,26.47,26.51,27.15,41.30
2024-01-18,26.50,26.67,25.81,25.87,27.03,36.75
2024-01-19,25.85,26.09,25.56,25.90,26.93,37.10
2024-01-22,25.96,26.02,25.27,25.42,26.85,33.88
2024-01-23,25.60,25.85,25.36,25.46,26.76,34.39
2024-01-24,25.57,25.86,25.36,25.38,26.66,33.83
2024-01-25,25.46,25.68,24.95,25.43,26.57,34.55
2024-01-26,25.42,25.63,25.24,25.35,26.47,33.91
2024-01-29,25.41,25.55,25.22,25.32,26.39,33.66
2024-01-30,25.25,25.58,24.91,25.48,26.31,36.36
2024-01-31,25.51,25.69,24.75,24.78,26.19,30.51
2024-02-01,24.87,25.02,24.45,24.86,26.05,31.86
2024-02-02,24.79,24.81,24.19,24.69,25.91,30.50
2024-02-05,24.65,24.67,23.87,23.90,25.78,25.14
2024-02-06,23.77,24.13,23.41,24.10,25.66,28.56
2024-02-07,24.22,24.89,24.20,24.75,25.56,38.42
2024-02-08,24.76,25.40,24.70,25.13,25.48,43.34
2024-02-09,25.15,25.63,25.15,25.55,25.41,48.26
2024-02-12,25.61,25.93,25.51,25.90,25.36,52.00
2024-02-13,25.80,26.19,25.65,26.02,25.29,53.25
2024-02-14,26.28,26.28,25.64,26.25,25.28,55.63
2024-02-15,26.28,26.59,26.20,26.58,25.31,58.87
2024-02-16,26.72,26.79,25.84,25.89,25.31,50.56
2024-02-20,25.97,26.21,25.76,25.99,25.34,51.63
2024-02-21,25.97,26.14,25.82,25.90,25.36,50.57
2024-02-22,25.86,25.99,25.30,25.81,25.38,49.48
2024-02-23,25.90,26.07,25.75,25.99,25.41,51.72
2024-02-26,26.03,26.11,25.77,26.00,25.44,51.85
2024-02-27,26.37,26.66,26.00,26.47,25.50,57.54
2024-02-28,28.36,29.19,26.06,26.15,25.54,52.95
2024-02-29,26.42,26.79,25.52,25.79,25.59,48.29
2024-03-01,25.84,26.82,25.78,26.38,25.66,55.25
2024-03-04,26.24,26.98,26.07,26.16,25.74,52.41
2024-03-05,26.22,26.94,25.97,26.77,25.88,58.73
2024-03-06,26.85,26.85,25.95,26.05,25.98,50.25
2024-03-07,26.18,26.40,26.14,26.37,26.06,53.47
2024-03-08,26.23,26.37,25.61,25.93,26.10,48.80
2024-03-11,25.96,26.91,25.64,26.38,26.14,53.29
2024-03-12,26.23,27.00,26.23,26.62,26.17,55.53
2024-03-13,26.44,26.85,26.35,26.80,26.21,57.19
2024-03-14,26.94,27.02,26.22,26.70,26.24,55.94
2024-03-15,26.66,26.99,26.53,26.82,26.25,57.15
2024-03-18,26.61,27.89,26.54,27.85,26.35,65.82
2024-03-19,27.77,28.13,27.53,28.02,26.45,67.01
2024-03-20,28.00,28.43,27.79,28.18,26.56,68.13
2024-03-21,28.24,28.92,28.18,28.49,26.70,70.24
2024-03-22,28.44,28.67,28.13,28.22,26.81,66.13
2024-03-25,28.31,28.48,27.48,27.70,26.89,58.98
2024-03-26,27.72,27.94,27.54,27.86,26.96,60.40
2024-03-27,28.73,29.13,28.49,29.00,27.10,68.71
2024-03-28,28.97,29.10,28.44,28.78,27.25,65.84
2024-04-01,28.66,28.98,28.51,28.67,27.37,64.39
2024-04-02,28.60,28.60,27.81,27.84,27.45,54.62
2024-04-03,27.72,27.72,26.56,26.59,27.44,43.84
2024-04-04,26.66,26.94,26.46,26.68,27.48,44.68
2024-04-05,26.54,26.85,26.46,26.82,27.50,46.05
2024-04-08,26.99,27.26,26.90,27.01,27.55,47.92
2024-04-09,26.93,27.42,26.93,27.30,27.60,50.74
2024-04-10,27.01,27.50,27.00,27.27,27.63,50.43
2024-04-11,27.34,27.65,27.00,27.24,27.65,50.11
2024-04-12,27.20,27.20,26.27,26.29,27.63,41.13
2024-04-15,26.51,27.03,26.39,26.49,27.62,43.43
2024-04-16,26.37,27.10,26.37,26.91,27.57,48.02
2024-04-17,27.15,27.15,26.43,26.56,27.50,44.76
2024-04-18,26.66,26.90,26.43,26.47,27.41,43.93
2024-04-19,26.45,26.98,26.34,26.97,27.33,49.51
2024-04-22,27.09,27.49,26.89,27.44,27.29,54.12
2024-04-23,27.44,27.56,27.19,27.19,27.27,51.43
2024-04-24,27.11,27.45,26.98,27.36,27.24,53.14
2024-04-25,27.36,27.64,27.10,27.19,27.15,51.20
2024-04-26,27.13,27.36,26.14,26.17,27.02,41.43
2024-04-29,26.23,26.55,25.76,25.78,26.88,38.41
2024-04-30,25.75,26.35,25.56,25.97,26.79,40.68
2024-05-01,25.91,26.01,25.54,25.56,26.73,37.47
2024-05-02,25.68,26.25,25.68,25.81,26.69,40.55
2024-05-03,25.86,26.06,25.38,25.71,26.63,39.71
2024-05-06,25.90,26.05,25.54,25.81,26.57,41.03
2024-05-07,25.88,26.20,25.73,25.90,26.50,42.25
2024-05-08,20.85,21.68,19.73,20.88,26.18,18.81
2024-05-09,21.01,21.39,20.60,20.92,25.87,19.19
2024-05-10,20.77,21.12,20.16,20.89,25.60,19.12
2024-05-13,20.92,21.23,19.73,19.77,25.26,16.58
2024-05-14,20.19,20.73,19.91,20.43,24.94,23.07
2024-05-15,20.71,21.13,20.42,20.91,24.66,27.49
2024-05-16,21.12,22.00,20.88,21.82,24.42,35.10
2024-05-17,21.85,22.81,21.85,22.47,24.20,39.94
2024-05-20,22.46,22.57,21.50,21.98,23.93,37.66
2024-05-21,22.38,23.12,22.30,23.00,23.72,44.74
2024-05-22,22.79,23.25,22.72,22.84,23.49,43.90
2024-05-23,22.80,23.06,22.50,22.65,23.26,42.87
2024-05-24,22.71,22.91,22.48,22.62,23.09,42.70
2024-05-28,22.63,22.78,22.00,22.00,22.90,39.22
2024-05-29,21.95,22.14,21.30,21.42,22.67,36.25
2024-05-30,21.50,21.72,21.29,21.45,22.46,36.52
2024-05-31,21.47,22.07,21.29,21.99,22.27,41.30
2024-06-03,21.99,22.17,21.74,22.05,22.09,41.82
2024-06-04,22.01,22.01,21.00,21.08,21.85,36.19
2024-06-05,21.08,21.49,21.08,21.27,21.62,37.95
2024-06-06,21.21,21.47,21.03,21.37,21.65,38.91
2024-06-07,21.28,21.38,20.83,20.91,21.65,36.15
2024-06-10,21.04,21.66,20.76,21.14,21.66,38.50
2024-06-11,21.02,21.12,20.39,20.53,21.70,34.84
2024-06-12,20.73,21.15,20.57,20.70,21.71,36.65
2024-06-13,20.70,20.83,20.40,20.52,21.69,35.52
2024-06-14,20.42,20.69,20.18,20.65,21.63,37.03
2024-06-17,20.65,21.14,20.65,20.91,21.55,40.03
2024-06-18,21.00,21.10,20.59,20.86,21.50,39.64
2024-06-20,20.85,21.20,20.72,20.92,21.39,40.40
2024-06-21,21.02,21.32,20.44,21.22,21.31,44.16
2024-06-24,21.15,22.20,21.13,21.96,21.28,52.17
2024-06-25,21.81,22.07,21.42,22.01,21.25,52.67
2024-06-26,21.91,22.31,21.73,22.27,21.26,55.26
2024-06-27,22.13,22.30,21.74,22.09,21.30,53.09
2024-06-28,22.16,22.31,21.99,22.12,21.33,53.42
2024-07-01,22.17,22.55,21.91,22.05,21.33,52.50
2024-07-02,22.15,22.29,21.78,22.00,21.33,51.81
2024-07-03,22.00,22.13,21.48,21.49,21.35,45.29
2024-07-05,21.56,22.05,21.36,22.01,21.39,51.93
2024-07-08,22.20,22.22,21.50,21.71,21.40,48.29
2024-07-09,21.74,22.06,21.35,21.61,21.44,47.11
2024-07-10,21.54,21.78,21.06,21.10,21.44,41.51
2024-07-11,21.29,21.72,21.11,21.15,21.47,42.23
2024-07-12,21.28,21.61,20.95,21.20,21.49,42.99
2024-07-15,21.15,21.26,20.70,20.75,21.50,38.13
2024-07-16,20.79,21.19,20.58,20.89,21.52,40.39
2024-07-17,20.89,21.65,20.82,21.19,21.53,45.02
2024-07-18,21.75,21.83,21.12,21.33,21.55,47.09
2024-07-19,21.29,21.61,21.03,21.57,21.59,50.53
2024-07-22,21.48,21.50,20.32,20.36,21.54,37.36
2024-07-23,20.36,20.38,19.48,19.50,21.42,31.15
2024-07-24,19.48,19.50,18.82,18.85,21.26,27.43
2024-07-25,18.87,19.80,18.79,19.78,21.14,38.69
2024-07-26,19.91,20.80,19.82,20.80,21.07,48.19
2024-07-29,20.93,21.33,20.74,20.86,21.01,48.69
2024-07-30,20.75,21.15,20.63,21.07,20.96,50.51
2024-07-31,20.38,20.50,19.04,19.56,20.84,39.66
2024-08-01,19.56,19.93,19.02,19.21,20.73,37.64
2024-08-02,19.07,19.27,18.77,18.83,20.57,35.52
2024-08-05,18.50,18.56,18.16,18.28,20.39,32.66
2024-08-06,18.43,18.70,18.25,18.54,20.24,35.32
2024-08-07,20.05,21.00,19.25,19.63,20.17,45.08
2024-08-08,19.81,20.23,19.22,19.73,20.10,45.88
2024-08-09,19.90,19.90,19.37,19.60,20.02,44.96
2024-08-12,19.45,19.49,18.71,19.08,19.93,41.37
2024-08-13,19.07,19.35,18.80,19.25,19.85,42.97
2024-08-14,19.47,19.60,19.03,19.16,19.75,42.31
2024-08-15,19.74,20.00,18.81,18.84,19.62,39.96
2024-08-16,18.80,19.11,18.65,18.86,19.49,40.19
2024-08-19,18.86,19.02,18.71,18.76,19.41,39.40
2024-08-20,18.67,18.98,18.47,18.88,19.38,40.90
2024-08-21,18.91,19.07,18.24,18.25,19.35,35.87
2024-08-22,18.25,18.28,17.66,17.71,19.24,32.22
2024-08-23,17.65,17.93,17.46,17.73,19.09,32.49
2024-08-26,17.80,17.92,17.57,17.79,18.94,33.36
2024-08-27,17.81,18.85,17.64,18.83,18.83,46.30
2024-08-28,18.83,19.31,18.67,19.30,18.81,50.93
2024-08-29,19.24,19.25,18.41,18.44,18.77,43.53
2024-08-30,18.53,18.97,18.53,18.94,18.78,48.24
2024-09-03,18.94,19.03,17.61,17.92,18.76,40.77
2024-09-04,17.92,18.34,17.70,18.03,18.74,41.82
2024-09-05,18.04,18.10,16.88,17.00,18.61,35.49
2024-09-06,16.99,17.44,16.86,17.34,18.49,38.78
